epoch,elapsed_time,total_loss,l_pred,l_probe,spike_rate,grad_norm,val_total_loss,val_l_pred,val_pos_err,val_vel_err,val_spike_rate,grad_norm_recent
1,3.812574863433838,3.2697363475958507,2.9635047912597656,0.306231556336085,0.10956597030162811,0.637390583815674,3.5912623405456543,3.5912623405456543,0.6929479241371155,0.7381153702735901,0.11156249791383743,0.5951398762175814
2,7.181864023208618,3.403865784406662,3.097760470708211,0.30610531369845073,0.10935590068499247,0.5949666106297324,3.1552536487579346,3.1552536487579346,0.6927253901958466,0.735084742307663,0.10856770724058151,0.5728760426165536
3,10.449059009552002,3.355711058775584,3.0497780323028563,0.30593302647272747,0.10912326226631801,0.5417322219970325,3.181607961654663,3.181607961654663,0.6922315061092377,0.7367918193340302,0.10989583283662796,0.5275326228700579
4,13.793195009231567,3.584946395953496,3.2790310382843018,0.30591535766919453,0.10922395586967468,0.5745251341722906,3.383632183074951,3.383632183074951,0.6934384703636169,0.7364098131656647,0.10895833373069763,0.584162681386806
5,17.072143077850342,3.6471758405367534,3.341133960088094,0.30604188044865926,0.10949826240539551,0.5952881501677135,2.9134202003479004,2.9134202003479004,0.6931577324867249,0.7373486757278442,0.11114583164453506,0.6212459836620837
6,20.44721508026123,3.446399845679601,3.1404760837554933,0.30592376192410786,0.10981597105662028,0.5501122877777864,3.0010125637054443,3.0010125637054443,0.6930618286132812,0.7369006276130676,0.1100260391831398,0.5573423001682386
7,23.93945002555847,3.313378473122915,3.0073042074839273,0.3060742656389872,0.11000694235165914,0.5472976134469112,2.947787642478943,2.947787642478943,0.6932107210159302,0.7363380789756775,0.11101562529802322,0.5355300614843145
8,27.525113105773926,3.4189841866493227,3.1131263891855876,0.3058577974637349,0.1096562479933103,0.530643752256098,3.0369004011154175,3.0369004011154175,0.6929818689823151,0.735940009355545,0.10919270664453506,0.5679886933066882
9,31.0421040058136,3.5415646612644194,3.235592810312907,0.30597185095151264,0.10964062412579854,0.5645858040389915,3.2875185012817383,3.2875185012817383,0.6932477653026581,0.7357735633850098,0.10999999940395355,0.593826774507761
10,34.73575496673584,3.619615157445272,3.3137904167175294,0.3058247407277425,0.1093680535753568,0.5787856963773569,3.3964260816574097,3.3964260816574097,0.6923012733459473,0.7359672784805298,0.10992187261581421,0.5789831718895584
11,38.32574415206909,3.545171022415161,3.2390095710754396,0.30616145133972167,0.10964236011107763,0.5459568977045516,3.689357280731201,3.689357280731201,0.6950487494468689,0.7364982962608337,0.11135416477918625,0.535756142414175
12,42.10414409637451,3.59163582722346,3.285611899693807,0.3060239275296529,0.10996874769528707,0.5546559170509379,3.681964159011841,3.681964159011841,0.6949546039104462,0.7365531027317047,0.11109374463558197,0.5570830800104887
13,45.546716928482056,3.584973877668381,3.2790799776713055,0.3058938999970754,0.10995486030975977,0.522978137480095,3.0890469551086426,3.0890469551086426,0.6934060752391815,0.7374940514564514,0.11036458611488342,0.5481620117323474
14,48.91396188735962,3.580680870016416,3.2747823079427083,0.3058985620737076,0.10939409683148066,0.5720795837230981,3.537030339241028,3.537030339241028,0.6942798793315887,0.7361659705638885,0.1099739521741867,0.5782291358802467
15,52.601463079452515,3.581232831875483,3.275304587682088,0.305928244193395,0.11012673477331797,0.6082459069633236,2.987691640853882,2.987691640853882,0.692606657743454,0.7372635900974274,0.11010416597127914,0.6129949303576723
16,56.05244493484497,3.4537319242954254,3.1476383209228516,0.30609360337257385,0.10972222139437994,0.549918546838065,2.939835548400879,2.939835548400879,0.69340980052948,0.7365485727787018,0.1107291653752327,0.5440839683869854
17,59.614500999450684,3.3564452171325683,3.0503773212432863,0.30606789588928224,0.10930555512507757,0.5272175088835259,3.062283754348755,3.062283754348755,0.6939426064491272,0.7372362613677979,0.10947916656732559,0.539874433982186
18,63.531753063201904,3.3246505677700045,3.0187933921813963,0.3058571755886078,0.10994617889324824,0.5054537241812795,3.0029075145721436,3.0029075145721436,0.6932066977024078,0.7366054356098175,0.10864582657814026,0.5147274582646787
19,67.18178606033325,3.2754591763019563,2.9695683161417645,0.30589086016019185,0.10916840185721716,0.5091139728513857,2.9644315242767334,2.9644315242767334,0.6932473480701447,0.736547589302063,0.10880208015441895,0.5105270877014846
20,70.77751612663269,3.3803099493185678,3.0743792057037354,0.3059307436148326,0.10913541515668233,0.4971372516204913,2.967395782470703,2.967395782470703,0.6924516558647156,0.7365016341209412,0.10856770724058151,0.5061616744846106
21,74.74324297904968,3.3634725670019785,3.0575154463450116,0.3059571206569672,0.10956944227218628,0.5079872804693878,4.0188000202178955,4.0188000202178955,0.69330033659935,0.7377071678638458,0.11065103858709335,0.5275097439531237
22,79.31544303894043,3.519870674610138,3.2138550599416096,0.3060156146685282,0.11001735975344976,0.5660705821278195,3.4410301446914673,3.4410301446914673,0.6927172243595123,0.7361401915550232,0.11059895157814026,0.5629456075141206
23,84.26995992660522,3.546495074033737,3.2405445257822674,0.30595054825146994,0.1103107621272405,0.5874080425128341,3.29219126701355,3.29219126701355,0.6940328180789948,0.736159086227417,0.10783854126930237,0.5990284168161452
24,89.17234897613525,3.496434978644053,3.190628480911255,0.3058064977327983,0.10982291450103124,0.6266393285089483,3.7227574586868286,3.7227574586868286,0.6910658478736877,0.7356035113334656,0.11059895157814026,0.6236852108733728
25,93.18907499313354,3.5515905757745108,3.245548454920451,0.30604212085405985,0.1096979151169459,0.6428626182644318,3.1390671730041504,3.1390671730041504,0.6931470930576324,0.7367813885211945,0.10986979305744171,0.6629620715277269
26,96.69230890274048,3.576089296738307,3.270117251078288,0.3059720456600189,0.10974305470784505,0.6403140493358175,2.9935154914855957,2.9935154914855957,0.6927821636199951,0.7360890805721283,0.10981770604848862,0.6661530180368572
27,100.1470000743866,3.5050800879796347,3.1991986910502117,0.305881396929423,0.10983680387338003,0.5920350674074143,2.901148200035095,2.901148200035095,0.6941158175468445,0.737374484539032,0.10963541269302368,0.6151282912120223
28,103.84705901145935,3.4012218674023944,3.095348564783732,0.3058733026186625,0.10890277673800787,0.5332693390082568,3.2544777393341064,3.2544777393341064,0.6934158802032471,0.7366641759872437,0.10921874642372131,0.5280116163892672
29,112.36351799964905,3.4216086049874623,3.1157984415690105,0.30581016341845196,0.10992708206176757,0.5321258376197269,2.865837812423706,2.865837812423706,0.6929744184017181,0.7366693317890167,0.11044270545244217,0.5352752078557387
30,120.52861785888672,3.415031804641088,3.1093098322550454,0.30572197238604226,0.10952256768941879,0.5588274297925333,2.956260561943054,2.956260561943054,0.6928439140319824,0.7365086078643799,0.10841146111488342,0.5533976706909016
31,129.14083814620972,3.5722044587135313,3.2663137276967364,0.3058907310167948,0.10930381764968236,0.5604153418991094,3.074176073074341,3.074176073074341,0.6941005885601044,0.7364507913589478,0.10992187261581421,0.5831953399232589
32,141.57137513160706,3.5408408006032306,3.2350933074951174,0.3057474931081136,0.1097256933649381,0.5227560552846019,3.70451819896698,3.70451819896698,0.6922678053379059,0.7354161441326141,0.11041666567325592,0.5454434901010246
33,151.00124382972717,3.549760393301646,3.243952417373657,0.3058079759279887,0.10973958273728689,0.5131467036282022,3.280806064605713,3.280806064605713,0.6922256052494049,0.7370994985103607,0.10773437470197678,0.5015366952167823
34,159.28929209709167,3.5496787428855896,3.2437625885009767,0.30591615438461306,0.1091840257247289,0.5743442633189261,3.123721957206726,3.123721957206726,0.6931414306163788,0.7355463802814484,0.10648436844348907,0.5862978415098041
35,170.72257781028748,3.3179601530234017,3.0120697816212973,0.3058903714021047,0.10906944274902344,0.49146521588166553,2.951631784439087,2.951631784439087,0.6938222348690033,0.7370347380638123,0.10838541388511658,0.49974635723046956
36,182.6656050682068,3.3116976002852123,3.005901002883911,0.30579659740130105,0.10892534603675207,0.5215258931275457,2.9615448713302612,2.9615448713302612,0.6933496594429016,0.7361299991607666,0.10664062201976776,0.4911291216732934
37,193.70146107673645,3.37998251914978,3.0740976492563883,0.3058848698933919,0.1087552065650622,0.5513519169064238,2.965869426727295,2.965869426727295,0.6926998198032379,0.7358762919902802,0.10658854246139526,0.5672207114868797
38,222.39454102516174,3.277016015847524,2.9711775302886965,0.3058384855588277,0.10818402618169784,0.5416189030433695,3.033517837524414,3.033517837524414,0.692173957824707,0.7365111112594604,0.10661458224058151,0.5590355492429808
39,252.62647795677185,3.416054077943166,3.1103214422861734,0.3057326356569926,0.1090208316842715,0.5355651665168504,2.81442928314209,2.81442928314209,0.6924709379673004,0.7367421686649323,0.1100781261920929,0.5378267913823948
40,273.889347076416,3.177896551291148,2.8722465515136717,0.305649999777476,0.10881423503160477,0.48819566223149496,2.7830519676208496,2.7830519676208496,0.6924042701721191,0.7369607388973236,0.10999999940395355,0.4860104562714696
